Municipality;East;North
Aadorf;709940;261380
Aarau;645731;249290
Aarberg;587630;210376
Aarburg;634863;241122
Aarwangen;625062;232187
Abtwil;669448;225244
Aclens;528782;157782
Acquarossa;715212;146013
Adelboden;609302;149113
Adligenswil;670375;213709
Adliswil;682184;240749
Aedermannsdorf;613045;239577
Aefligen;608994;215900
Aegerten;588715;218819
Aesch (BL);612014;257397
Aesch (LU);660764;234098
Aesch (ZH);675554;243410
Aeschi (SO);616970;225690
Aeschi bei Spiez;619737;167505
Aeugst am Albis;679205;235736
Affeltrangen;718857;264075
Affoltern am Albis;676210;236500
Affoltern im Emmental;622506;212770
Agarn;617420;127337
Agiez;528792;174797
Agno;713215;95103
Aigle;563688;129645
Aire-la-Ville;492255;116353
Airolo;689766;153815
Alberswil;642576;222266
Albinen;614964;132086
Albula/Alvra;763249;170416
Alchenstorf;615054;219395
Allaman;519865;147147
Alle;576757;253043
Allmendingen;606522;195964
Allschwil;607366;266701
Alpnach;663575;199136
Alpthal;697008;214070
Altbüron;633707;225915
Altdorf (UR);691867;192999
Altendorf;705438;227773
Altikon;701009;270045
Altishofen;640011;227807
Altnau;736172;275571
Alto Malcantone;710818;99061
Altstätten;758652;249570
Amden;729100;223400
Amlikon-Bissegg;721253;269684
Ammerswil;658066;246803
Amriswil;740106;268248
Amsoldingen;611108;175218
Andeer;751548;162881
Andelfingen;693301;272327
Andermatt;688534;165279
Andwil (SG);739156;255250
Anières;505793;124653
Anniviers;612458;114665
Anwil;637911;255657
Appenzell;749492;244381
Aranno;711008;97147
Arbaz;595757;124782
Arbedo-Castione;723905;120377
Arboldswil;620993;251717
Arbon;750234;264790
Arch;599202;224050
Ardon;586041;117818
Arisdorf;624605;262399
Aristau;669880;237604
Arlesheim;613743;260316
Arnex-sur-Nyon;504036;136725
Arnex-sur-Orbe;529649;171761
Arni (AG);674218;241317
Arni (BE);617241;198232
Arogno;719805;91004
Arosa;771390;183803
Arth;682481;213203
Arzier-Le Muids;505445;146153
Ascona;702740;112450
Assens;537458;162626
Astano;706712;96586
Attalens;554736;151137
Attinghausen;690694;190715
Attiswil;613239;232933
Au (SG);765554;255904
Aubonne;519540;149962
Auboranges;551497;159254
Auenstein;652551;251997
Augst;620645;264966
Ausserberg;631302;129036
Auswil;630004;220585
Autigny;568088;176187
Auw;670128;229378
Avegno Gordevio;700740;119209
Avenches;569656;192175
Avers;759344;149089
Avry;572192;181972
Avully;489048;114132
Avusy;488209;111981
Ayent;597513;125151
Baar;682427;227780
Bachenbülach;683437;262079
Bachs;675372;264287
Bad Ragaz;756792;207729
Baden;665537;258378
Balerna;721608;78364
Balgach;763730;252969
Ballaigues;521712;175843
Ballens;518391;156462
Ballwil;666892;222740
Balm bei Günsberg;609042;233548
Balsthal;619343;240675
Baltschieder;632801;128821
Bannwil;622309;231846
Bardonnex;496578;111833
Bäretswil;707252;243868
Bargen (BE);586661;209729
Bargen (SH);687786;294137
Bäriswil;606757;207542
Bärschwil;602643;248057
Basadingen-Schlattingen;698495;280382
Basel;611220;267503
Bas-Intyamon;572779;157265
Basse-Allaine;570488;256624
Basse-Vendline;577598;259608
Bassersdorf;689755;255407
Bassins;507307;146464
Bätterkinden;607658;219949
Bättwil;605359;260103
Baulmes;530009;182596
Bauma;708720;247385
Bavois;533208;170824
Beatenberg;627219;171940
Beckenried;678546;202711
Bedano;714930;101133
Bedigliora;708867;95579
Bedretto;682432;151085
Beggingen;682068;291251
Begnins;508507;143974
Beinwil (Freiamt);668702;231453
Beinwil (SO);611247;245905
Beinwil am See;657823;235342
Belfaux;574710;185636
Bellach;604650;229373
Bellevue;500623;122883
Bellikon;668330;249089
Bellinzona;722340;116829
Bellmund;585406;217579
Bellwald;655064;142101
Belmont-Broye;567446;190704
Belmont-sur-Lausanne;541806;152361
Belmont-sur-Yverdon;537740;177446
Belp;604800;193308
Belprahon;597521;237142
Benken (SG);719565;228875
Benken (ZH);691299;278876
Bennwil;625771;250317
Bercher;543806;171462
Berg (SG);748371;261391
Berg (TG);730030;269871
Berg am Irchel;687394;269086
Bergdietikon;671531;249029
Bergün Filisur;774498;169225
Berikon;670520;244841
Beringen;685105;283694
Berken;620610;230750
Berlingen;718521;280750
Bern;600670;199655
Berneck;763757;254975
Bernex;494035;113730
Berolle;515500;156935
Beromünster;657691;227952
Besenbüren;668463;240514
Bettenhausen;620999;224644
Bettens;534028;164207
Bettingen;617043;268944
Bettlach;598968;228136
Bettmeralp;647964;137827
Bettwiesen;720150;262248
Bettwil;662509;238040
Bever;787669;158339
Bex;567157;122276
Biasca;717933;135432
Biberist;609095;225796
Biberstein;648689;251661
Bichelsee-Balterswil;711465;256517
Biel/Bienne;585443;220664
Biel-Benken;606540;261725
Bière;515254;154591
Biezwil;598440;218254
Biglen;614458;197503
Billens-Hennens;558754;171149
Binn;657306;135303
Binningen;609974;265254
Bioggio;713777;96990
Bioley-Magnoux;544408;175373
Birmensdorf (ZH);675488;245324
Birmenstorf (AG);661057;257077
Birr;657665;254169
Birrhard;660889;253891
Birrwil;657307;237982
Birsfelden;613904;266974
Birwinken;732497;271780
Bischofszell;735216;262573
Bissone;718431;89865
Bister;648306;134484
Bitsch;643842;131810
Blatten;629381;141278
Blauen;606018;255493
Bleienbach;624199;226114
Blenio;715310;154292
Blonay – Saint-Légier;558219;146140
Blumenstein;606255;176662
Böckten;629977;256953
Bodio;712962;137571
Boécourt;583125;244529
Bofflens;528240;173044
Bogis-Bossey;502073;134317
Bois-d’Amont;577629;178213
Bolken;617072;226925
Bolligen;604463;202702
Boltigen;596387;164245
Bonaduz;749669;186927
Boncourt;568102;260652
Bönigen;634788;170619
Boningen;631738;239956
Boniswil;656449;240856
Bonstetten;677916;241062
Bonvillars;541472;187846
Boppelsen;672726;258324
Borex;502974;137144
Bosco/Gurin;681285;130168
Bösingen;583973;193602
Bossonnens;554703;152434
Boswil;666119;239242
Bottens;540379;163152
Bottenwil;642845;237247
Botterens;575041;163401
Bottighofen;732947;278065
Bottmingen;610050;263647
Böttstein;659022;267555
Boudry;554239;200211
Bougy-Villars;516699;148086
Boulens;545062;170364
Bourg-en-Lavaux;545654;148804
Bourg-Saint-Pierre;582142;88648
Bournens;532958;161748
Bourrignon;585342;249619
Boussens;534405;161701
Bovernier;572719;103338
Bowil;619533;193578
Bözberg;653633;259737
Böztal;647055;261220
Braunau;722661;262299
Bregaglia;765655;134717
Breggia;723051;80259
Breil/Brigels;723842;180815
Breitenbach;607988;250841
Bremblens;529351;155459
Bremgarten (AG);668325;244818
Bremgarten bei Bern;600236;202947
Brenzikofen;613376;185153
Bretigny-sur-Morrens;538889;161067
Bretonnières;526149;173996
Bretzwil;616170;249693
Brienz (BE);645117;178317
Brienzwiler;650669;177977
Brig-Glis;642260;129562
Brione sopra Minusio;706268;115658
Brislach;607863;252003
Brissago;698277;108407
Brittnau;638486;234449
Broc;573990;161398
Brot-Plamboz;546754;202589
Brugg;657898;259644
Brügg;587911;219257
Brunegg;658734;252306
Brünisried;587753;178616
Brusino Arsizio;716211;87185
Brusio;807075;126601
Brüttelen;577894;207906
Brütten;693160;258765
Bubendorf;622437;255330
Bubikon;704550;236344
Buch (SH);700903;285983
Buch am Irchel;689096;267135
Buchberg;683632;269032
Buchegg;602866;220571
Buchholterberg;619583;186405
Buchillon;522040;147088
Buchrain;668888;216375
Buchs (AG);648025;248867
Buchs (SG);753749;225954
Buchs (ZH);675340;256966
Buckten;630654;251098
Büetigen;592510;217198
Bühl;585255;213312
Bühler;749716;248815
Bülach;683122;263712
Bulle;570848;162987
Bullet;532520;187014
Bünzen;666955;240374
Buochs;674840;203281
Bürchen;629490;124636
Bure;567440;254787
Büren (SO);617513;255648
Büren an der Aare;594971;220987
Burg im Leimental;600283;256302
Burgdorf;614325;211670
Burgistein;604798;181470
Bürglen (TG);728817;267991
Bürglen (UR);693338;192299
Büron;649701;229394
Bursinel;512901;143692
Bursins;511707;145254
Burtigny;509341;146833
Buseno;728621;125942
Büsserach;607676;248987
Bussigny;532126;155921
Bussnang;723842;268842
Busswil bei Melchnau;629922;226204
Bussy-sur-Moudon;551929;170645
Bütschwil-Ganterschwil;723007;245625
Büttenhardt;690842;289526
Büttikon;662786;242030
Buttisholz;649773;218306
Buttwil;666027;235565
Buus;632094;261716
Cademario;712622;97646
Cadempino;715793;99154
Cadenazzo;716762;112070
Calanca;728921;128995
Cama;733462;125758
Campo (Vallemaggia);681404;127057
Canobbio;718342;99273
Capriasca;718230;102833
Carouge (GE);499215;115494
Cartigny;490449;114718
Caslano;711960;92091
Castaneda;731179;124374
Castel San Pietro;721964;80042
Cazis;752231;176242
Celerina/Schlarigna;785806;154055
Céligny;504655;133936
Centovalli;693560;113447
Cerentino;685618;128783
Cevio;689604;130175
Chalais;605655;123955
Cham;677397;226013
Chamblon;536442;181166
Chamoson;583201;116862
Champagne;540445;186899
Champéry;556109;114225
Champoz;589399;233850
Champtauroz;550256;178997
Champvent;533774;181596
Chancy;486278;112017
Chapelle (Glâne);553673;159792
Chardonne;553023;147444
Château-d’Oex;576317;146968
Châtel-Saint-Denis;558757;152991
Châtel-sur-Montsalvens;576016;162501
Châtillon (FR);553248;187062
Châtillon (JU);592777;242038
Châtonnaye;561817;178262
Chavannes-de-Bogis;501735;133241
Chavannes-des-Bois;499373;130161
Chavannes-le-Chêne;549550;180855
Chavannes-le-Veyron;524342;162098
Chavannes-près-Renens;533895;154017
Chavannes-sur-Moudon;551776;167496
Chavornay;533506;172767
Chêne-Bougeries;503239;117102
Chêne-Bourg;501818;117304
Chénens;566584;176689
Chêne-Pâquier;548909;180243
Cheseaux-Noréaz;541794;181760
Cheseaux-sur-Lausanne;536128;159645
Chéserex;502799;139555
Chessel;558086;133264
Chevilly;526605;166115
Chevroux;559499;193162
Chexbres;549231;148094
Cheyres-Châbles;550285;184987
Chiasso;723804;77154
Chigny;526225;152501
Chippis;608154;125620
Choulex;505706;119095
Chur;759662;190702
Churwalden;760722;183251
Clarmont;524131;155492
Clos du Doubs;578618;246087
Coeuve;574360;255987
Coinsins;507706;142113
Coldrerio;720194;79114
Collex-Bossy;498598;126250
Collina d’Oro;714237;92182
Collombey-Muraz;562330;124404
Collonge-Bellerive;504736;122816
Collonges;568710;113362
Cologny;504420;119116
Comano;717396;99296
Commugny;502977;130689
Concise;545191;189015
Confignon;495355;115560
Conters im Prättigau;779177;195894
Conthey;589300;118367
Coppet;504060;130147
Corbeyrier;563153;133138
Corbières;574230;167604
Corcelles (BE);601234;237169
Corcelles-le-Jorat;546581;161920
Corcelles-près-Concise;544235;188716
Corcelles-près-Payerne;563651;186712
Corgémont;577765;227112
Corminboeuf;574449;184185
Cormoret;571029;224975
Cornaux;568142;209847
Cornol;579264;250718
Corseaux;553489;146947
Corsier (GE);505764;122800
Corsier-sur-Vevey;554148;146694
Cortaillod;554973;199340
Cortébert;574876;226689
Cossonay;528801;162970
Cottens (FR);569010;177788
Courchapoix;601385;244350
Courchavon;571211;254612
Courgenay;576328;250420
Courgevaux;575110;195207
Courrendlin;595087;243117
Courroux;595090;245896
Court;592294;232080
Courtedoux;570145;251066
Courtelary;572275;225326
Courtepin;575897;190881
Courtételle;590994;243430
Crans;505156;134576
Crans-Montana;603400;128950
Crassier;501897;136667
Crémines;600081;236941
Cressier (FR);577265;194148
Cressier (NE);569416;211230
Crésuz;577210;163052
Crissier;533897;156210
Cronay;543271;178688
Croy;526505;171891
Cuarnens;523390;164241
Cuarny;542691;180145
Cudrefin;568007;200614
Cugnasco-Gerra;714307;114802
Cugy (FR);558192;184987
Cugy (VD);538830;159400
Cureglia;716597;99568
Curio;710495;95498
Curtilles;554790;172351
Dachsen;688650;280102
Dägerlen;696662;268736
Dagmersellen;641727;229271
Daillens;531851;163613
Dallenwil;672571;198620
Dällikon;675450;254929
Dalpe;702596;147663
Damphreux-Lugnez;574375;259385
Däniken;641048;245264
Dänikon;673052;255610
Dardagny;488560;116976
Därligen;628347;167707
Därstetten;604406;167453
Dättlikon;689385;264637
Davos;781892;185191
Degersheim;732766;248349
Deisswil bei Münchenbuchsee;601308;209237
Deitingen;614014;229450
Delémont;592827;246044
Delley-Portalban;564131;195912
Démoret;547888;177565
Denens;524647;152459
Denges;531090;152937
Densbüren;646371;256113
Derendingen;610902;227806
Develier;589108;245132
Diegten;628118;251454
Dielsdorf;676540;259731
Diemtigen;609643;166292
Diepflingen;630076;255145
Diepoldsau;767181;250544
Dierikon;670841;216687
Diessbach bei Büren;594223;217639
Diessenhofen;698464;282235
Dietikon;672858;251005
Dietlikon;689102;252833
Dietwil;672310;222416
Dinhard;700182;268301
Dintikon;659583;245991
Disentis/Mustér;707938;173057
Dittingen;604420;254420
Dizy;527850;165297
Domat/Ems;753436;188876
Domleschg;753645;180726
Dompierre (VD);557494;173165
Donneloye;544808;177346
Doppleschwand;646904;207691
Dorénaz;569542;110931
Dorf;691123;269977
Dörflingen;695931;284046
Dornach;613526;258726
Dottikon;660558;248461
Döttingen;661525;269245
Dotzigen;592538;218876
Dozwil;741315;270131
Drei Höfe;614977;222998
Dübendorf;689139;250394
Düdingen;581078;188360
Duggingen;612686;255625
Duillier;507300;140442
Dulliken;638323;244782
Dully;512118;142746
Dürnten;706276;237425
Dürrenäsch;654298;241424
Dürrenroth;626785;215498
Ebikon;668472;214923
Ebnat-Kappel;726982;236442
Echallens;538258;165891
Echandens;531230;153955
Echarlens;572098;166440
Echichens;527875;153191
Eclépens;530106;167216
Ecublens (FR);551754;162061
Ecublens (VD);532713;153135
Ederswiler;592266;252848
Egerkingen;626901;241322
Egg;694698;239793
Eggenwil;668098;246984
Eggerberg;633845;128494
Eggersriet;753351;256643
Eggiwil;627237;191606
Eglisau;681664;270039
Egliswil;656493;244602
Egnach;746035;267908
Egolzwil;643096;226161
Ehrendingen;668243;261367
Eich;655300;222463
Eichberg;757557;245951
Eiken;641478;264721
Einsiedeln;698969;220496
Eischoll;626304;127011
Eisten;635399;116329
Elgg;707760;262071
Ellikon an der Thur;704391;269115
Elsau;702789;262631
Embd;630114;118308
Embrach;686985;262810
Emmen;665606;214581
Emmetten;682161;201215
Endingen;664129;265612
Engelberg;673573;185971
Enges;567626;212012
Ennetbaden;665984;259085
Ennetbürgen;674194;204199
Ennetmoos;668418;201042
Entlebuch;647518;204854
Epalinges;540693;156170
Ependes (VD);536527;177150
Eppenberg-Wöschnau;644284;247511
Epsach;583140;212874
Eptingen;628825;248351
Ergisch;621296;126880
Eriswil;631239;214784
Eriz;627592;182156
Erlach;574038;210431
Erlen;735088;268131
Erlenbach (ZH);687258;239957
Erlenbach im Simmental;608899;167558
Erlinsbach (AG);643293;250433
Erlinsbach (SO);642896;250836
Ermatingen;723264;281142
Ermensee;660179;231683
Ernen;654477;138983
Erschwil;607888;246980
Ersigen;611809;215641
Erstfeld;692458;186202
Eschenbach (LU);666905;220566
Eschenbach (SG);712315;233248
Eschenz;707290;278682
Eschert;597078;236167
Eschlikon;714634;257801
Escholzmatt-Marbach;637791;195952
Essertines-sur-Rolle;513947;149638
Essertines-sur-Yverdon;538748;174317
Estavayer;554894;188934
Etagnières;536657;161307
Etoy;521828;148820
Ettingen;607973;258910
Ettiswil;643904;222152
Etziken;615915;226459
Evilard;584852;222288
Evionnaz;567905;114400
Evolène;604357;106724
Eysins;505157;137325
Fahrni;617694;182919
Fahrwangen;660781;238526
Fahy;563233;252187
Faido;704502;148420
Falera;736741;184765
Fällanden;690736;247484
Faoug;572508;195311
Farnern;613811;235249
Féchy;517962;148408
Fehraltorf;699393;249229
Fehren;610695;249486
Felben-Wellhausen;713180;270684
Feldbrunnen-St. Niklaus;608858;229996
Felsberg;755453;190559
Ferden;624696;138201
Ferenbalm;582673;199702
Ferpicloz;579196;177404
Ferrera;752966;157355
Ferreyres;527052;167870
Fétigny;559981;182906
Feuerthalen;690587;283097
Feusisberg;699196;227079
Fey;542059;169713
Fideris;775511;198677
Fiesch;653476;139085
Fieschertal;653835;141979
Fiez;537791;186432
Finhaut;564349;103764
Finsterhennen;580333;208142
Fischbach;635599;222838
Fischbach-Göslikon;665699;246980
Fischenthal;712068;243462
Fischingen;715308;252884
Fisibach;673033;268322
Fislisbach;664338;254332
Flaach;688088;270208
Fläsch;757711;210469
Flawil;732160;253162
Flerden;750590;174255
Flims;740724;188563
Flüelen;690311;195002
Flühli;644058;192629
Flumenthal;612115;231854
Flums;744540;217386
Flurlingen;689329;282151
Fontaines-sur-Grandson;537505;187454
Fontenais;572973;250434
Forel (Lavaux);548690;154645
Forst-Längenbühl;606981;178206
Founex;504047;132061
Fräschels;582485;205217
Fraubrunnen;606707;214892
Frauenfeld;709835;268281
Frauenkappelen;592035;200330
Freienbach;699942;229067
Freienstein-Teufen;686321;265271
Freienwil;666897;261739
Freimettigen;614400;190756
Frenkendorf;620852;261366
Fribourg;578929;183935
Frick;643983;261917
Froideville;541916;161439
Frutigen;616200;159140
Fulenbach;630075;236396
Füllinsdorf;621945;261691
Full-Reuenthal;657526;274195
Fully;575067;109775
Furna;769644;200435
Fürstenau;753759;176281
Gächlingen;679669;283804
Gachnang;706272;265689
Gais;752253;247694
Gaiserwald;742500;255000
Galgenen;708868;226722
Gals;570443;208627
Gambarogno;705977;110204
Gampel-Bratsch;623213;129333
Gampelen;571064;207145
Gams;751726;230044
Gansingen;652344;266060
Gebenstorf;660581;259058
Gelterkinden;631513;257187
Geltwil;666988;233553
Gempen;616668;258426
Genève;500532;117325
Genolier;506170;143362
Genthod;500654;124735
Gerlafingen;610255;224594
Geroldswil;673358;252926
Gersau;682615;205051
Gerzensee;608008;187502
Geuensee;650640;227888
Gibloux;571392;174441
Giebenach;623063;263652
Giez;537242;184585
Giffers;582555;178938
Gilly;512226;145771
Gimel;513353;151345
Gingins;503092;140508
Giornico;710460;139748
Gipf-Oberfrick;642517;260930
Gisikon;672800;219686
Giswil;656920;187179
Givisiez;576190;184611
Givrins;504943;142733
Gland;509801;142009
Glarus;723766;211267
Glarus Nord;723311;217739
Glarus Süd;724397;206116
Glattfelden;679857;268362
Gletterens;561811;193888
Goldach;752839;261149
Gollion;528699;159759
Gommiswald;719975;232330
Goms;662302;148322
Gondiswil;632993;221742
Gonten;744223;243701
Gontenschwil;653464;235854
Gordola;710138;115171
Göschenen;687832;169146
Gossau (SG);736685;253339
Gossau (ZH);699665;240554
Gottlieben;727324;280671
Goumoëns;536193;167704
Graben;621398;229688
Grabs;751909;227768
Grächen;631137;116251
Grancia;715445;91776
Grancy;525408;160540
Grandcour;561265;191297
Grandevent;536513;187804
Grandfontaine;562481;249257
Grandson;539510;184500
Grandval;599075;237092
Grandvillard;572915;154239
Granges (Veveyse);553235;152754
Granges-Paccot;577340;185996
Grangettes;563527;169790
Gränichen;649876;245641
Gravesano;714439;100018
Greifensee;693682;246912
Grellingen;611396;254605
Grenchen;596758;226902
Greng;573758;195614
Grengiols;650894;135245
Grens;504025;138733
Greppen;675299;212058
Gretzenbach;642306;245427
Grimisuat;595927;123361
Grindel;604950;248058
Grindelwald;645546;164014
Grolley;571982;187007
Grône;601560;122403
Grono;731745;123163
Grossaffoltern;594007;212853
Grossdietwil;633841;224650
Grosshöchstetten;614836;194339
Grosswangen;646383;220442
Grub (AR);756160;257326
Grüningen;700151;237906
Grüsch;768230;205585
Gruyères;572661;159211
Gryon;571025;124758
Gsteig;586770;136900
Gsteigwiler;633401;167178
Guggisberg;591956;179504
Gündlischwand;635560;164633
Günsberg;610407;234013
Gunzgen;629529;240717
Gurbrü;583285;201571
Gurmels;579676;193522
Gurtnellen;690943;177037
Gurzelen;607020;181047
Guttannen;664936;167547
Guttet-Feschel;617432;130648
Güttingen;738891;274055
Gy;508972;123038
Habkern;631452;174021
Habsburg;656367;257068
Häfelfingen;632331;251565
Hagenbuch;709201;264538
Hägendorf;630674;242730
Häggenschwil;743521;262094
Hägglingen;661432;249020
Hagneck;580752;211738
Hallau;676617;283496
Hallwil;655811;242137
Halten;612551;224444
Härkingen;628692;239941
Hasle (LU);646284;203238
Hasle bei Burgdorf;616413;207306
Hasliberg;658571;176597
Hauenstein-Ifenthal;632746;247683
Hauptwil-Gottshaus;738196;261208
Hausen (AG);658277;257102
Hausen am Albis;682961;233254
Haute-Ajoie;566885;249231
Hautemorges;522520;156161
Hauterive (FR);575511;179271
Hauterive (NE);564432;207243
Haute-Sorne;585430;243133
Hauteville;574851;168775
Haut-Intyamon;570644;151810
Häutligen;612708;189610
Hedingen;676449;239158
Hefenhofen;740173;269794
Heiden;758153;256931
Heiligenschwendi;618748;177675
Heimberg;612474;182105
Heimenhausen;619802;228787
Heimiswil;616795;212657
Heitenried;589443;186240
Hellikon;636572;262239
Hellsau;615907;221796
Hemishofen;704633;281570
Hemmiken;634253;259829
Hendschiken;658711;248763
Henggart;693855;269031
Henniez;557542;176963
Herbetswil;611681;238493
Herbligen;612757;186306
Herdern;709898;273169
Hérémence;597325;114393
Hergiswil (NW);666481;204108
Hergiswil bei Willisau;639380;214987
Herisau;739022;249957
Hermance;507135;128338
Hermenches;547998;165737
Hermrigen;585245;214454
Herrliberg;688989;238012
Hersberg;625974;260228
Herznach-Ueken;646214;258202
Herzogenbuchsee;619812;225853
Hettlingen;695684;267145
Hildisrieden;659956;222447
Hilterfingen;616766;176002
Himmelried;612073;252392
Hindelbank;607725;210384
Hinwil;706332;240144
Hirschthal;646429;241067
Hittnau;704626;247527
Hitzkirch;662376;230810
Hochdorf;664773;224356
Hochfelden;681188;264333
Höchstetten;614642;221453
Hochwald;615207;256260
Hofstetten bei Brienz;648707;178213
Hofstetten-Flüh;605779;258559
Hohenrain;666601;226005
Hohentannen;734562;263410
Holderbank (AG);654938;253652
Holderbank (SO);623851;242545
Hölstein;625014;252868
Holziken;645352;241337
Homberg;618434;180564
Hombrechtikon;700818;234488
Homburg;718596;277045
Honau;673399;220712
Horgen;687729;235093
Höri;680710;262566
Horn;752542;262355
Horrenbach-Buchen;624542;181031
Horriwil;614022;225836
Horw;666336;207658
Hospental;686674;163910
Hubersdorf;611504;232502
Hundwil;742081;247782
Hünenberg;674877;225518
Hüniken;615074;226148
Hüntwangen;679386;272278
Hunzenschwil;651766;248620
Hüttikon;671546;255468
Hüttlingen;716201;271436
Huttwil;631219;218490
Hüttwilen;707392;273123
Icogne;600125;126788
Iffwil;602995;212542
Ilanz/Glion;734972;181945
Illgau;697834;204880
Illnau-Effretikon;696676;252489
Inden;613812;132639
Ingenbohl;689209;206443
Inkwil;617532;228038
Innerthal;712335;218200
Innertkirchen;660441;173058
Ins;574676;206156
Interlaken;632746;170323
Inwil;669164;219425
Ipsach;584421;218429
Iseltwald;640174;173222
Isenthal;685638;196137
Isérables;584888;112411
Islisberg;675654;241844
Isone;719624;109851
Itingen;626088;257425
Ittigen;603084;202968
Jaberg;610068;185158
Jaun;587443;162250
Jegenstorf;605191;210999
Jenaz;772596;199370
Jenins;760564;207598
Jens;586751;216336
Jonen;672369;238802
Jongny;554517;147525
Jonschwil;724072;254915
Jorat-Menthue;543751;164262
Jorat-Mézières;548784;160728
Jouxtens-Mézery;535494;156069
Juriens;524271;171610
Jussy;510905;122721
Kaiseraugst;621470;265582
Kaisten;645611;265687
Kallern;664628;240594
Kallnach;584604;207929
Kaltbrunn;720790;230753
Kammersrohr;611712;233645
Kandergrund;616200;159140
Kandersteg;618124;149510
Känerkinden;629952;251279
Kappel (SO);631099;241652
Kappel am Albis;682439;231456
Kappelen;587042;212246
Kaufdorf;604452;187430
Kehrsatz;602453;195402
Kemmental;729908;275429
Kernenried;608143;213133
Kerns;663831;194969
Kerzers;581525;202811
Kesswil;741249;272910
Kestenholz;623873;236986
Kienberg;639935;254676
Kiesen;611254;185407
Kilchberg (BL);634749;252829
Kilchberg (ZH);683950;242164
Killwangen;668459;253818
Kippel;625633;138822
Kirchberg (BE);611199;215022
Kirchberg (SG);720376;251132
Kirchdorf (BE);608498;185495
Kirchleerau;647560;236279
Kirchlindach;597907;205439
Kleinandelfingen;693605;272919
Kleinbösingen;582196;193699
Kleinlützel;598344;252998
Klingnau;661074;270304
Klosters;786310;195371
Kloten;686325;255953
Knonau;677480;230957
Knutwil;648009;227866
Koblenz;660033;273511
Kölliken;644255;242963
Köniz;598221;197101
Konolfingen;613570;192484
Koppigen;612560;220429
Kradolf-Schönenberg;731408;264341
Krattigen;621284;166567
Krauchthal;609842;206681
Kreuzlingen;730734;278692
Kriechenwil;583344;195456
Kriegstetten;612129;224906
Kriens;663949;209640
Küblis;777785;198555
Künten;667322;249134
Küsnacht (ZH);686480;241459
Küssnacht (SZ);676125;215156
Küttigen;645968;251885
La Baroche;580216;253185
La Brévine;536726;203768
La Brillaz;566765;178696
La Chaux (Cossonay);525997;163405
La Chaux-de-Fonds;553419;216894
La Chaux-du-Milieu;544093;207370
La Côte-aux-Fées;527482;191057
La Ferrière;558619;221642
La Grande-Béroche;548547;195294
La Neuveville;573855;212753
La Praz;522601;168976
La Punt Chamues-ch;790640;161436
La Rippe;500928;137486
La Roche;576988;171700
La Sagne;551465;209961
La Sarraz;529243;167998
La Sonnaz;574822;187025
La Tène;567070;206765
La Tour-de-Peilz;558219;146140
La Verrerie;559479;162096
Laax;739005;185929
L’Abbaye;514410;167080
L’Abergement;527436;178550
Lachen;707461;227686
Laconnex;491650;112525
Lajoux (JU);577218;236673
Lalden;635867;127819
Lamone;715590;100376
Lampenberg;624131;252705
Lancy;497928;115516
Landiswil;618351;200711
Landquart;761982;202076
Langenbruck;624974;244235
Langendorf;605744;229992
Langenthal;626533;229431
Langnau am Albis;683417;238233
Langnau im Emmental;626413;199227
Langrickenbach;736046;273012
Lantsch/Lenz;762654;172624
Lauenen;590622;140598
Lauerz;686791;209959
Läufelfingen;631499;249441
Laufen;604670;252377
Laufenburg;646802;268158
Laufen-Uhwiesen;689997;280740
Laupen;584356;194342
Laupersdorf;616088;240511
Lauperswil;623083;201746
Lausanne;538291;152330
Lausen;624212;258030
Lauterbrunnen;636032;161077
Lauwil;617900;248840
Lavertezzo;711918;114981
Lavey-Morcles;567609;118753
Lavigny;520581;150602
Lavizzara;693858;143914
Lax;652258;137630
Le Bémont (JU);567857;235019
Le Cerneux-Péquignot;541309;207736
Le Châtelard;564759;169690
Le Chenit;507427;162490
Le Flon;557353;162358
Le Grand-Saconnex;499307;121052
Le Landeron;571740;211682
Le Lieu;511451;166906
Le Locle;547577;212001
Le Mont-sur-Lausanne;538441;156748
Le Mouret;579599;177156
Le Noirmont;563520;230566
Le Pâquier (FR);570643;160302
Le Vaud;507610;148065
Leibstadt;655424;271237
Leimbach (AG);655279;235957
Leissigen;625594;167139
Lengnau (AG);667101;263687
Lengnau (BE);594546;225668
Lengwil;731161;275457
Lenk;600366;145074
Lens;600660;125491
Lenzburg;656004;248767
Les Bois;559592;225341
Les Breuleux;567088;229154
Les Clées;525410;176043
Les Enfers;570287;237630
Les Genevez (JU);576682;234050
Les Montets;556371;185187
Les Planchettes;549314;217699
Les Ponts-de-Martel;546359;205681
Les Verrières;527112;195385
Leuggern;658593;270118
Leuk;615081;129632
Leukerbad;614978;136903
Leutwil;655586;240088
Leuzigen;601600;225048
Leysin;567212;132343
Leytron;582281;115141
Lichtensteig;724630;242668
Liddes;580391;93447
Liedertswil;621114;249000
Liesberg;599284;250328
Liestal;622338;259290
Ligerz;577095;214932
Lignerolle;524912;177006
Lignières;571755;214770
Lindau;693044;255458
Linden;618663;188792
Linescio;688232;129154
L’Isle;521423;163494
Locarno;704765;114066
Lohn (SH);692378;290095
Lohn-Ammannsegg;606549;224280
Löhningen;682171;283838
Lommis;716346;264025
Lommiswil;602461;230113
Lonay;529581;153264
Longirod;509366;149952
Losone;702698;113554
Lostallo;735510;130696
Lostorf;638614;248336
Lotzwil;626860;226807
Lovatens;556036;171292
Loveresse;584773;232480
Lucens;554137;173159
Lufingen;687081;260556
Lugano;717505;96295
Luins;510452;144161
Lully (FR);554689;187082
Lully (VD);525267;150907
Lumino;725534;121195
Lumnezia;732358;175771
Lungern;655061;181876
Lupfig;657629;254802
Lupsingen;619262;255021
Lüscherz;578187;210671
Lussery-Villars;530101;165023
Lüsslingen-Nennigkofen;604757;226594
Lussy-sur-Morges;524157;150766
Luterbach;611172;229876
Lüterkofen-Ichertswil;605076;223506
Luthern;636255;212064
Lütisburg;724149;251210
Lutry;542257;150411
Lütschental;639154;165434
Lützelflüh;618611;205467
Lutzenberg;760429;258854
Luzein;777300;199175
Luzern;665892;211591
Lyss;589999;213785
Lyssach;610697;212643
Madiswil;627399;224030
Madulain;791179;162157
Magden;628333;264058
Mägenwil;659595;251421
Maggia;697892;122632
Magliaso;712084;93414
Maienfeld;759104;208455
Maisprach;630765;263839
Malans;762604;205661
Malters;656594;209725
Mammern;710993;278256
Mandach;656256;266500
Männedorf;694844;234605
Manno;714706;99368
Maracon;556452;155509
Marbach (SG);760817;251204
Marchissy;508502;149193
Marly;578783;180556
Marsens;571358;167308
Märstetten;722553;272518
Marthalen;691116;275815
Martigny;571233;105457
Martigny-Combe;569120;103954
Maschwanden;674899;232127
Masein;752031;174227
Massagno;716669;96836
Massongex;565267;121484
Massonnens;564499;172347
Mathod;533310;179933
Matran;573760;181656
Matten bei Interlaken;633004;169955
Mattstetten;605700;208745
Matzendorf;614515;239581
Matzingen;712532;264322
Mauborget;537317;189741
Mauensee;647554;224249
Maur;693095;244184
Mauraz;522149;162064
Medel (Lucmagn);706795;165624
Meggen;671132;211049
Meienried;592540;221038
Meierskappel;676317;219915
Meikirch;594422;206522
Meilen;691013;236214
Meinier;507034;122412
Meinisberg;593112;223199
Meiringen;657158;175539
Meisterschwanden;659784;238523
Melchnau;631391;225903
Melide;717027;90283
Mellikon;668751;268820
Mellingen;663004;252323
Mels;750466;212538
Meltingen;611494;248685
Mendrisio;719957;80629
Ménières;557404;181380
Menziken;656701;232432
Menzingen;687398;226153
Menznau;645624;214876
Merenschwand;670864;234699
Mergoscia;708763;118593
Merishausen;687781;290671
Mervelier;604639;243734
Merzligen;585753;215127
Mesocco;737782;139198
Messen;600758;215629
Mettauertal;652225;268047
Mettembert;591214;249916
Mettmenstetten;677662;233183
Metzerlen-Mariastein;602115;257322
Mex (VD);532053;158855
Meyriez;574843;197092
Meyrin;495451;121117
Mézières (FR);560743;169777
Mezzovico-Vira;714482;105821
Mies;502351;129000
Miglieglia;709834;97820
Milvignes;556155;201894
Minusio;706127;114877
Mirchel;615874;193848
Misery-Courtion;571610;189016
Missy;564299;192236
Möhlin;630596;267460
Moiry;524593;166819
Mollens (VD);517575;159068
Molondin;547306;179022
Mönchaltorf;697055;240881
Montagny (FR);565928;184475
Montagny-près-Yverdon;536903;182612
Montanaire;547824;172656
Montcherand;529063;176122
Monteceneri;714498;109248
Montet (Glâne);552360;166009
Montfaucon;570705;237011
Mönthal;653019;263317
Monthey;562315;122181
Montilliez;540699;165403
Mont-la-Ville;521209;166585
Mont-Noble;599246;119840
Montpreveyres;546685;159264
Montreux;559880;142577
Montricher;518609;161555
Mont-sur-Rolle;515385;147239
Mont-Tramelan;570875;228980
Mont-Vully;575178;201259
Moosleerau;647400;235558
Moosseedorf;603293;207385
Morbio Inferiore;722579;79292
Morcote;714607;87012
Mörel-Filet;646901;134139
Morges;527853;151338
Mörigen;582902;214928
Möriken-Wildegg;656095;251895
Morlon;572980;163904
Morrens (VD);537689;160307
Morschach;689797;204149
Mörschwil;749119;259200
Mosnang;720965;246918
Moudon;550895;168861
Moutier;594872;236631
Movelier;590901;251090
Muhen;646632;242579
Mühlau;671993;231423
Mühleberg;586402;200229
Müllheim;717417;273314
Mülligen;660382;256647
Mümliswil-Ramiswil;620006;243395
Mumpf;636455;266209
Münchenbuchsee;600864;207291
Münchenstein;613683;262208
Münchenwiler;575725;195482
Münchwilen (AG);639395;265291
Münchwilen (TG);716419;260320
Münsingen;609762;190623
Münsterlingen;734877;277395
Muntelier;575990;198261
Muntogna da Schons;752472;166118
Müntschemier;577738;204982
Muolen;741448;264573
Muotathal;700393;203470
Muralto;705285;114417
Murgenthal;629826;235085
Muri (AG);667929;236243
Muri bei Bern;603721;197874
Muriaux;565218;233088
Murten;575501;197491
Mutrux;545754;192716
Muttenz;615558;263577
Muzzano;714992;95191
Naters;642315;130628
Nebikon;640879;227010
Neckertal;730043;245467
Neerach;677881;262868
Neftenbach;692602;264934
Neggio;711750;93970
Nendaz;589681;115069
Nenzlingen;609298;255210
Nesslau;733391;231949
Neuchâtel;561256;204454
Neuendorf;626911;239160
Neuenegg;589436;193997
Neuenhof;667120;255303
Neuenkirch;657988;216836
Neuhausen am Rheinfall;688454;282076
Neuheim;686303;229070
Neunforn;701125;273012
Neunkirch;679621;282722
Neyruz;571524;179783
Nidau;584950;219416
Niederbipp;619466;235055
Niederbuchsiten;625127;238535
Niederbüren;733031;258730
Niederdorf;623644;250557
Niedergesteln;626432;129110
Niederglatt;680253;260738
Niedergösgen;641874;247123
Niederhasli;678950;259608
Niederhelfenschwil;731754;259756
Niederhünigen;615075;191839
Niederlenz;655682;250479
Niedermuhlern;602053;190060
Niederönz;619012;225912
Niederried bei Interlaken;637632;174272
Niederrohrdorf;665361;252879
Niederweningen;670835;262316
Niederwil (AG);664690;247745
Noble-Contrée;607702;128151
Nods;572931;218316
Nottwil;652998;220681
Novaggio;710092;96380
Novalles;535674;186702
Novazzano;719752;77883
Noville;558559;136750
Nuglar-St. Pantaleon;619182;257970
Nunningen;613652;249307
Nürensdorf;691278;255832
Nusshof;627564;260175
Nuvilly;553607;181440
Nyon;507702;137439
Oberägeri;689156;221236
Oberbalm;597372;191388
Oberbipp;616693;234552
Oberbuchsiten;624806;240078
Oberbüren;730316;256903
Oberburg;614375;209779
Oberdiessbach;613772;187636
Oberdorf (BL);623437;249184
Oberdorf (NW);671807;200618
Oberdorf (SO);604964;231227
Oberegg;759562;254539
Oberembrach;688906;260336
Oberems;619780;125523
Oberengstringen;677358;251587
Oberentfelden;645933;245151
Obergerlafingen;610974;223360
Oberglatt;681511;259118
Obergoms;669816;154089
Obergösgen;638837;246330
Oberhallau;678046;284325
Oberhof;642784;255818
Oberhofen am Thunersee;617379;175670
Oberhünigen;616747;192090
Oberiberg;702108;210727
Oberkirch;651355;223076
Oberkulm;651798;238988
Oberlangenegg;623006;183248
Oberlunkhofen;671257;241594
Obermumpf;637360;264663
Oberried am Brienzersee;639467;176108
Oberrieden;686209;236976
Oberriet (SG);760642;243042
Oberrohrdorf;666260;252407
Oberrüti;672497;224345
Obersaxen Mundaun;726555;178981
Obersiggenthal;664326;259921
Oberthal;617370;196199
Oberuzwil;727077;254577
Oberweningen;673017;261879
Oberwil (BL);608740;262536
Oberwil bei Büren;597597;219953
Oberwil im Simmental;599594;166529
Oberwil-Lieli;671596;243331
Obfelden;674586;235275
Ochlenberg;622541;222095
Oekingen;612549;225524
Oensingen;620824;237592
Oeschenbach;623636;216911
Oeschgen;643569;263311
Oetwil am See;697065;236372
Oetwil an der Limmat;672090;253776
Oftringen;636535;240724
Ogens;545284;173667
Ollon;565772;127410
Olsberg;625953;263388
Olten;635447;244826
Oltingen;637491;253556
Onex;496641;115538
Onnens (VD);542594;187743
Onsernone;691029;117411
Opfikon;685518;254232
Oppens;542886;173905
Oppligen;612102;185501
Orbe;530709;175207
Orges;535120;184422
Origlio;716439;101413
Ormalingen;632819;257718
Ormont-Dessous;570195;134550
Ormont-Dessus;578400;133188
Orny;530167;168852
Oron;553042;158005
Orpund;589969;220888
Orselina;704999;115162
Orsières;577262;97649
Orvin;582959;223343
Orzens;542259;174992
Ossingen;696882;274393
Ostermundigen;603403;200498
Otelfingen;671819;257139
Othmarsingen;658627;250326
Ottenbach;673048;237201
Oulens-sous-Echallens;534048;165998
Pailly;541598;172497
Paradiso;716692;94395
Paudex;541194;150761
Payerne;561779;185612
Penthalaz;530247;162922
Penthaz;530995;161338
Penthéréaz;536135;170298
Perly-Certoux;495290;111855
Perrefitte;592665;236170
Perroy;517599;146807
Personico;713863;136579
Péry-La Heutte;585706;227042
Petit-Val;583206;236097
Pfäfers;756863;206293
Pfäffikon;701486;247102
Pfaffnau;634899;230894
Pfeffingen;611361;256506
Pfungen;691014;263488
Pfyn;714095;272811
Pierrafortscha;580633;181784
Pieterlen;592440;224899
Plaffeien;588301;176731
Plan-les-Ouates;497897;113663
Plasselb;585710;176026
Plateau de Diesse;576719;216601
Pleigne;589014;250846
Pohlern;607443;174871
Poliez-Pittet;542071;164309
Pollegio;715761;136067
Pompaples;528976;168804
Pomy;541216;179017
Ponte Capriasca;716876;102177
Pont-en-Ogoz;573032;170728
Ponthaux;569598;185011
Pont-la-Ville;574950;172140
Pontresina;788951;151706
Porrentruy;572770;251979
Port;585686;218426
Port-Valais;556309;135963
Porza;717347;98492
Poschiavo;801614;133766
Prangins;508492;138786
Prato (Leventina);701186;148800
Pratteln;619296;262960
Pregny-Chambésy;499338;122904
Premier;523992;173065
Presinge;508306;120908
Préverenges;530060;152301
Prévondavaux;550672;175380
Prévonloup;557381;172209
Prez;567502;181625
Prilly;536047;154025
Provence;545698;193458
Puidoux;549654;150221
Pully;540367;151232
Puplinge;506981;118332
Pura;710923;93282
Quarten;736233;218113
Quinto;697174;152750
Radelfingen;587456;208076
Rafz;682871;274118
Rain;662258;220160
Ramlinsburg;624570;255408
Ramsen;702899;285069
Rances;530606;179161
Randa;626662;105478
Raperswilen;720569;276992
Rapperswil (BE);597826;212449
Rapperswil-Jona;705500;231800
Raron;627837;128797
Rebévelier;581426;238048
Realp;681580;161399
Rebstein;761828;251955
Recherswil;611816;223670
Rechthalten;584869;179611
Reconvilier;583614;231711
Regensberg;675388;259747
Regensdorf;678135;254717
Rehetobel;754221;254848
Reichenbach im Kandertal;618744;162853
Reichenburg;716453;225446
Reiden;640105;232626
Reigoldswil;619103;249618
Reinach (AG);656344;233877
Reinach (BL);611368;260274
Reisiswil;630874;224047
Reitnau;645920;233462
Remaufens;557073;153003
Remetschwil;667077;251240
Remigen;656386;263185
Renan (BE);561346;219771
Renens (VD);534454;154505
Rennaz;560009;136215
Reute (AR);761116;254300
Reutigen;613884;171470
Rhäzüns;749715;185075
Rheinau;687566;277706
Rheineck;762175;259526
Rheinfelden;626745;267122
Rheinwald;740073;156097
Riaz;571179;165487
Richterswil;696001;229373
Rickenbach (BL);631049;259399
Rickenbach (LU);654156;230112
Rickenbach (SO);631719;243508
Rickenbach (TG);721519;256715
Rickenbach (ZH);702177;267779
Riddes;583435;113625
Ried bei Kerzers;580884;200713
Ried-Brig;644522;129637
Riederalp;645135;136430
Riedholz;609803;231047
Riehen;615896;270480
Riemenstalden;693403;200330
Rifferswil;680032;232958
Riggisberg;603009;184286
Ringgenberg (BE);635130;172746
Riniken;656543;260622
Risch;675324;221626
Riva San Vitale;718839;84870
Rivaz;549289;147414
Riviera;719506;129339
Roche (VD);560939;134603
Rochefort;552150;203316
Roches (BE);595819;239101
Rodersdorf;601382;258866
Roggenburg;592616;253713
Roggliswil;633857;229097
Roggwil (BE);629149;232377
Roggwil (TG);747415;262834
Rohrbach;628468;220792
Rohrbachgraben;627527;219089
Rolle;515450;145756
Romainmôtier-Envy;525251;171814
Romanel-sur-Lausanne;536166;157205
Romanel-sur-Morges;528893;156422
Romanshorn;746331;270253
Römerswil;661199;224624
Romont (BE);592653;226597
Romont (FR);560181;171603
Romoos;644736;206778
Ronco sopra Ascona;699392;111094
Rongellen;752636;170322
Root;672320;218578
Ropraz;547377;162840
Rorbas;685946;265173
Rorschach;754900;260700
Rorschacherberg;755400;259362
Röschenz;602812;252663
Rossa;729974;137357
Rossemaison;592779;244046
Rossenges;549284;166961
Rossinière;572559;146304
Röthenbach im Emmental;622476;188805
Rothenbrunnen;751555;181785
Rothenburg;663337;216217
Rothenfluh;635979;256831
Rothenthurm;693859;217846
Rothrist;633948;239356
Rottenschwil;669818;240730
Rougemont;582509;148737
Roveredo (GR);729694;121673
Rovray;548412;181761
Rubigen;607999;194203
Rüderswil;621702;203779
Rüdlingen;684886;269050
Rudolfstetten-Friedlisberg;671135;246786
Rüdtligen-Alchenflüh;610883;214867
Rue;552785;163319
Rüeggisberg;599998;185551
Rüegsau;617741;208133
Rueyres;542928;171650
Rüfenach;657737;262312
Rumendingen;615602;217193
Rumisberg;615346;234857
Rümlang;682553;256445
Rümlingen;630933;252716
Rünenberg;633588;253644
Rupperswil;652015;250457
Rüschegg;596520;180980
Rüschlikon;684513;240429
Russikon;701096;250277
Russin;489934;116128
Ruswil;652205;214992
Rüthi (SG);758817;240311
Rüti (ZH);707256;235497
Rüti bei Büren;597493;222424
Rüti bei Lyssach;610509;211747
Rütschelen;625400;224761
Rüttenen;606900;231074
Saanen;586794;148016
Saas-Almagell;640117;104909
Saas-Balen;637882;111509
Saas-Fee;637926;106587
Saas-Grund;638243;107360
Sachseln;661013;191079
Safenwil;641159;241013
Safiental;743604;171858
Safnern;591214;222090
Sagogn;738675;183697
Saicourt;582460;232640
Saignelégier;566590;234098
Saillon;580333;113091
Saint-Aubin (FR);565089;193312
Saint-Barthélemy (VD);535401;165242
Saint-Blaise;565594;207236
Saint-Brais;575444;239614
Saint-Cergue;501600;144640
Sainte-Croix;528545;186041
Saint-George;509549;152142
Saint-Gingolph;551367;138009
Saint-Imier;566736;222517
Saint-Léonard;598518;122465
Saint-Livres;519258;151232
Saint-Martin (FR);556325;158505
Saint-Martin (VS);600361;113756
Saint-Maurice;566493;118482
Saint-Oyens;513275;150327
Saint-Prex;524805;148041
Saint-Saphorin (Lavaux);550652;147093
Saint-Sulpice (VD);532542;151222
Salenstein;721008;281604
Sâles;564455;164998
Salgesch;610504;128742
Salmsach;745122;268369
Salvan;567658;107760
Samedan;786668;156516
Samnaun;822419;203347
San Vittore;728523;122316
Santa Maria in Calanca;731510;125009
Sant’Antonino;719008;112485
Sargans;752110;212699
Sarmenstorf;661397;240249
Sarnen;661499;194193
Satigny;491558;119145
Sattel;691048;215443
Saubraz;514942;152063
Sauge;589494;226262
Saulcy;578488;239139
Saules (BE);583407;232792
Savièse;591877;122069
Savigny;545789;154362
Savosa;716426;97387
Saxeten;630224;164751
Saxon;579630;110981
Schaffhausen;689722;283562
Schafisheim;653171;247632
S-chanf;794804;165462
Schangnau;631394;185138
Schänis;722204;223368
Scharans;754535;175856
Schattdorf;692783;191241
Schattenhalb;656937;174209
Schelten;608628;242966
Schenkon;652939;225005
Scheuren;590748;220269
Schiers;770807;204175
Schinznach;653233;255553
Schlatt (TG);694770;278467
Schlatt (ZH);704684;258463
Schlatt-Haslen;747895;246936
Schleinikon;672355;261253
Schleitheim;678336;289231
Schlierbach;650974;230609
Schlieren;676043;250321
Schlossrued;649201;237960
Schluein;736767;183653
Schmerikon;714460;231615
Schmiedrued;650442;235674
Schmitten (FR);585509;189398
Schmitten (GR);770829;173096
Schneisingen;669516;263652
Schnottwil;596331;217792
Schöfflisdorf;673711;261610
Schöftland;646344;239497
Schönenbuch;604774;265164
Schönengrund;735134;243229
Schönenwerd;642610;246973
Schongau;662862;235613
Schönholzerswilen;727643;264258
Schötz;641759;224638
Schübelbach;712802;225807
Schupfart;639683;262661
Schüpfen;595544;209887
Schüpfheim;643877;200070
Schwaderloch;653008;270678
Schwadernau;589883;219776
Schwanden bei Brienz;647164;178943
Schwarzenberg;655912;207478
Schwarzenburg;592553;185243
Schwarzhäusern;624831;233747
Schwellbrunn;736782;246116
Schwende-Rüte;750538;243024
Schwerzenbach;692222;249051
Schwyz;692370;208488
Scuol;818622;187062
Seeberg;617146;222695
Seedorf (BE);590413;209306
Seedorf (UR);689535;193106
Seegräben;700774;244495
Seehof;605903;239566
Seelisberg;687310;203388
Seengen;657967;242050
Seewen;616680;253947
Seewis im Prättigau;767247;206701
Seftigen;607804;181758
Seltisberg;621035;256589
Selzach;601284;228291
Sembrancher;577769;103005
Sempach;657278;220505
Semsales;560880;158227
Senarclens;527144;161476
Sennwald;756319;236536
Seon;654462;244155
Sergey;528281;178170
Serravalle;718512;141013
Servion;549809;158495
Seuzach;697211;265842
Sévaz;557004;187713
Sevelen;755325;220853
Siblingen;680920;283821
Sierre;607348;126736
Siglistorf;670856;266469
Signau;621939;196801
Signy-Avenex;504918;138410
Sigriswil;621258;173977
Silenen;693971;182982
Sils im Domleschg;753969;174062
Sils im Engadin/Segl;778906;145097
Silvaplana;781070;148128
Simplon;647621;116443
Sins;672529;227193
Sion;593997;120194
Sirnach;717712;258492
Siselen;581033;208999
Sisikon;690016;200556
Sissach;628048;257131
Sisseln;641412;267254
Siviriez;556944;167610
Soazza;737458;136522
Solothurn;607573;228576
Sommeri;738808;270071
Sonceboz-Sombeval;580340;227397
Sonvilier;564093;221050
Soral;492150;111100
Sorengo;716181;95350
Sorens;571046;168730
Sorvilier;589925;232160
Soubey;570614;239945
Soyhières;594771;248955
Speicher;751236;253279
Spiez;617445;170260
Spiringen;698360;192164
Spreitenbach;669989;252336
St. Gallen;746284;254335
St. Margrethen;765661;257908
St. Moritz;784192;152424
St. Niklaus;628127;113981
St. Silvester;583249;176712
St. Stephan;595754;149856
St. Ursen;583391;182239
Stabio;716628;78712
Stadel;677395;264808
Stäfa;697202;233130
Staffelbach;645672;237155
Stalden (VS);633340;120362
Staldenried;634306;120060
Stallikon;679557;242381
Stammheim;701715;276999
Stans;670604;201070
Stansstad;668494;203668
Starrkirch-Wil;636857;244310
Staufen;654887;248230
Steckborn;716018;280700
Steffisburg;614868;181370
Steg-Hohtenn;624751;129895
Stein (AG);638569;265974
Stein (AR);743901;248708
Stein am Rhein;706731;279711
Steinach;750281;262937
Steinen;689132;211569
Steinerberg;686966;211910
Steinhausen;679373;227893
Steinmaur;676064;260898
Stetten (AG);665584;250265
Stetten (SH);691739;288261
Stettfurt;714234;265065
Stettlen;606468;200964
Stocken-Höfen;609508;174541
Strengelbach;637101;236576
Studen (BE);589782;217898
Stüsslingen;640180;249427
Subingen;613387;227348
Suchy;535824;174996
Sufers;747798;159513
Suhr;648350;247335
Sulgen;731367;266194
Sullens;533116;160604
Sumiswald;621133;209181
Sumvitg;714247;176510
Surpierre;555867;177191
Sursee;650769;225048
Surses;765597;163004
Suscévaz;534240;179583
Sutz-Lattrigen;583151;216580
Syens;549470;166311
Tafers;582996;184896
Tägerig;663357;250728
Tägerwilen;727163;279695
Tamins;750013;188419
Tannay;502764;129395
Tartegnin;513799;146737
Täsch;626326;101925
Täuffelen;581874;212878
Tavannes;582032;230017
Tecknau;633477;255646
Tegerfelden;663749;268201
Tenero-Contra;708344;115933
Tenniken;628112;254110
Tentlingen;581603;179959
Termen;645046;131061
Terre di Pedemonte;699964;115475
Teufen (AR);747153;250649
Teufenthal (AG);651103;242326
Teuffenthal (BE);621426;180494
Tévenon;537984;188715
Thal;760632;259267
Thalheim (AG);649828;254062
Thalheim an der Thur;698989;270814
Thalwil;685242;238448
Thayngen;695251;289243
Therwil;608627;260930
Thierachern;610190;177877
Thônex;505677;117243
Thörigen;621942;224749
Thun;614620;178664
Thundorf;714879;267395
Thunstetten;624119;228185
Thurnen;605256;184750
Thürnen;629487;256155
Thusis;752542;174026
Titterten;621048;250160
Tobel-Tägerschen;720112;264101
Toffen;604092;189887
Tolochenaz;525906;150837
Törbel;631884;120736
Torny;563887;180071
Torricella-Taverne;714362;102759
Trachselwald;622914;207334
Tramelan;574459;230353
Trasadingen;673461;280016
Treiten;579037;206525
Trélex;505132;141155
Tresa;706783;95098
Trey;560810;179998
Treycovagnes;536542;180547
Treytorrens (Payerne);551284;180192
Treyvaux;576980;175158
Triengen;648250;231883
Trient;565665;100706
Trimbach;634852;245996
Trimmis;761975;196083
Trin;746581;188333
Trogen;752907;252759
Troinex;500210;113439
Troistorrents;559577;119636
Trub;633864;198121
Trubschachen;631031;196810
Trüllikon;694288;277255
Trun;718384;177991
Truttikon;696893;276277
Tschappina;748765;172078
Tschiertschen-Praden;765419;187501
Tschugg;572497;208529
Tübach;751584;261117
Tuggen;714191;229140
Tujetsch;701597;171093
Turbenthal;706277;254802
Turtmann-Unterems;620436;127872
Twann-Tüscherz;578557;216005
Udligenswil;673056;215983
Ueberstorf;590510;190500
Uebeschi;608893;176541
Uerkheim;644272;239369
Uesslingen-Buch;703665;271203
Uetendorf;610033;180433
Uetikon am See;693751;235886
Uezwil;663189;240939
Ufhusen;634782;218510
Uitikon;676617;247315
Ulmiz;581912;197962
Unterägeri;686939;221512
Unterbäch;627850;126018
Untereggen;751631;259264
Unterengstringen;676304;252068
Unterentfelden;645700;246575
Unteriberg;703690;213287
Unterkulm;651125;240194
Unterlangenegg;620717;182906
Unterlunkhofen;671256;241595
Unterramsern;603393;218780
Unterschächen;701574;191198
Unterseen;631471;170316
Untersiggenthal;661418;261574
Untervaz;759639;199511
Urdorf;674687;248928
Urmein;750109;173021
Urnäsch;739412;242326
Ursenbach;625412;220779
Ursins;541125;176238
Ursy;553713;165010
Urtenen-Schönbühl;604594;207658
Uster;696755;245077
Uttigen;610517;182750
Uttwil;743778;272044
Utzenstorf;608999;219558
Uznach;717043;231527
Uzwil;727813;255427
Vacallo;724117;78767
Val Mara;719881;87114
Val Müstair;828762;165541
Val Terbi;597922;244350
Valbirse;587296;232010
Valbroye;557855;179246
Val de Bagnes;582433;103219
Val-de-Charmey;579019;163108
Val-de-Ruz;559871;211039
Val-de-Travers;537067;196044
Val-d’Illiez;557889;117238
Valeyres-sous-Montagny;536657;183387
Valeyres-sous-Rances;530257;178393
Valeyres-sous-Ursins;540161;177514
Vallon;563032;192737
Vallorbe;518990;173965
Vals;733633;164308
Valsot;824607;191125
Vandoeuvres;504420;119116
Varen;613027;129858
Vaulion;519697;171268
Vaulruz;565573;163324
Vaux-sur-Morges;525647;153990
Vaz/Obervaz;761412;176112
Vechigen;609430;199578
Veltheim (AG);653487;254222
Vendlincourt;578130;255818
Vernate;712336;94907
Vernayaz;569256;109573
Vernier;496673;117390
Vérossaz;565056;118212
Versoix;501969;126567
Verzasca;709667;119832
Vétroz;587952;119481
Vevey;554160;145490
Vex;596931;117926
Veyrier;503045;113578
Veysonnaz;592539;116065
Veytaux;560790;141305
Vezia;716081;98277
Vich;508593;142644
Vico Morcote;715077;87670
Villarsel-sur-Marly;579795;178761
Villars-Epeney;543339;181343
Villars-le-Comte;551145;173462
Villars-le-Terroir;538787;167708
Villars-Sainte-Croix;532701;157798
Villars-sous-Yens;522503;151498
Villars-sur-Glâne;575353;182236
Villarzel;559796;177596
Villaz;563152;174424
Villeneuve (VD);560494;138435
Villeret;568214;223280
Villigen;658456;264293
Villmergen;660902;244382
Villnachern;654388;258043
Villorsonnens;566017;174006
Vilters-Wangs;753024;210120
Vinelz;575107;209118
Vinzel;510908;144648
Vionnaz;558784;128936
Visp;634225;126852
Visperterminen;635650;123279
Vitznau;679461;207016
Volken;689365;270073
Volketswil;694897;249649
Vordemwald;634894;236100
Vorderthal;710975;219873
Vouvry;557799;131938
Vuadens;567848;162972
Vuarrens;539478;170851
Vucherens;549705;163931
Vufflens-la-Ville;531051;158805
Vufflens-le-Château;525998;153090
Vugelles-La Mothe;534291;186192
Vuisternens-devant-Romont;561067;167304
Vuiteboeuf;532109;184487
Vulliens;550490;163646
Vullierens;526659;158394
Vully-les-Lacs;568369;197092
Wachseldorn;621854;185245
Wädenswil;693416;231804
Wagenhausen;705906;279728
Wahlen;605799;250080
Walchwil;681836;217116
Wald (AR);754820;253684
Wald (BE);602518;192407
Wald (ZH);711663;237123
Waldenburg;623397;248062
Wäldi;723605;277148
Waldkirch;739069;258955
Waldstatt;739379;246743
Walenstadt;742513;220113
Walkringen;613808;199556
Wallbach;635047;267596
Wallisellen;687061;251938
Walliswil bei Niederbipp;619014;231706
Walliswil bei Wangen;618658;231192
Walperswil;583910;212106
Waltenschwil;665234;243035
Walterswil (BE);625803;218186
Walterswil (SO);639496;241856
Walzenhausen;763089;257839
Wangen (SZ);710408;227708
Wangen an der Aare;616007;231400
Wangen bei Olten;632557;243821
Wangen-Brüttisellen;691170;251969
Wängi;714546;261547
Wartau;755683;216420
Warth-Weiningen;707425;271270
Wassen;688747;173391
Wasterkingen;677889;271764
Wattenwil;605239;179902
Wattwil;723160;238215
Wauwil;643813;225981
Weesen;726035;221595
Wegenstetten;637233;261032
Weggis;675986;209534
Weiach;675179;267991
Weinfelden;725015;269763
Weiningen (ZH);675226;252733
Weisslingen;699998;254397
Welschenrohr-Gänsbrunnen;606830;236756
Wengi;597218;214722
Wenslingen;635587;254417
Werthenstein;650375;211918
Wettingen;666953;257610
Wettswil am Albis;678302;243631
Wetzikon (ZH);702413;241991
Wichtrach;610508;188000
Widen;669328;246524
Widnau;766011;252216
Wiedlisbach;615623;233252
Wiesendangen;701859;264406
Wiggiswil;602300;208743
Wigoltingen;718670;273339
Wikon;639901;234817
Wil (SG);721481;258568
Wil (ZH);680395;273373
Wila;706459;252935
Wilchingen;677216;280064
Wildberg;703966;254033
Wilderswil;632760;168286
Wildhaus-Alt St. Johann;739810;227463
Wilen (TG);720263;256690
Wiler (Lötschen);626550;139258
Wiler bei Utzenstorf;609080;222306
Wileroltigen;584885;202345
Wiliberg;644104;235474
Willadingen;613358;221604
Willisau;642072;219019
Wimmis;614900;168400
Windisch;658758;258984
Winkel;684042;260790
Wintersingen;629100;260367
Winterthur;697052;261734
Winznau;637369;246228
Wisen (SO);633890;249388
Wittenbach;745350;259107
Witterswil;606406;259641
Wittinsburg;630440;252859
Wittnau;640513;258944
Wohlen;663379;244897
Wohlen bei Bern;593784;202353
Wohlenschwil;661918;251513
Wolfenschiessen;673028;195846
Wolfhalden;759269;258044
Wölflinswil;642172;256842
Wolfwil;626822;235454
Wolhusen;648302;212519
Wollerau;697055;228000
Worb;609581;197756
Worben;588945;216566
Wünnewil-Flamatt;587547;191493
Wuppenau;725850;262075
Würenlingen;661754;264813
Würenlos;669850;254973
Wynau;628192;234534
Wynigen;617415;217353
Wyssachen;629743;214282
Yens;521724;152311
Yverdon-les-Bains;539009;181170
Yvonand;547047;183224
Yvorne;563205;131161
Zäziwil;616994;194561
Zeglingen;635176;251883
Zeihen;648624;258547
Zeiningen;632461;265721
Zell (LU);637532;220379
Zell (ZH);704450;256297
Zeneggen;632779;125022
Zermatt;624003;96943
Zernez;803507;175539
Zetzwil;653910;237394
Ziefen;620134;253445
Zielebach;610448;223081
Zihlschlacht-Sitterdorf;737683;264484
Zillis-Reischen;753522;166712
Zizers;761938;200561
Zofingen;638303;237630
Zollikofen;601393;205438
Zollikon;686126;244141
Zuchwil;609176;228298
Zufikon;669582;244303
Zug;681646;224472
Zullwil;612290;248995
Zumikon;689605;243142
Zunzgen;627854;255451
Zuoz;793239;164077
Zürich;683354;247353
Zurzach;664291;271129
Zuzgen;634826;263862
Zuzwil (BE);602573;211183
Zuzwil (SG);726222;259038
Zweisimmen;594480;155415
Zwingen;606965;254174
Zwischbergen;652397;112729
